{
  "gamma": {
    "grid_search": [
      0.8,
      0.85,
      0.9,
      0.95,
      0.99,
      0.999,
      0.9999
    ]
  },
  "lr": {
    "grid_search": [
      5e-08,
      1.6e-07,
      4.9e-07,
      1.55e-06,
      4.88e-06,
      1.536e-05,
      4.827e-05,
      0.0001,
      0.00015177,
      0.00047713,
      0.0015
    ]
  },
  "batch_size": {
    "grid_search": [
      128,
      256,
      512,
      1024,
      2048,
      4096,
      8192,
      16384
    ]
  },
  "grad_clip": {
    "grid_search": [
      0.1,
      0.5,
      1.0,
      10.0,
      40.0,
      1000,
      null
    ]
  },
  "accumulate_gradients_every": {
    "grid_search": [
      1,
      2,
      4,
      8,
      16,
      32,
      64,
      128
    ]
  },
  "num_envs_per_env_runner": {
    "grid_search": [
      1,
      2,
      4,
      8,
      16,
      32
    ]
  },
  "minibatch_size": {
    "grid_search": [
      128,
      256,
      512,
      1024,
      2048,
      4096,
      8192,
      16384
    ]
  },
  "minibatch_scale": {
    "grid_search": [
      0.0625,
      0.125,
      0.25,
      0.5,
      1.0
    ]
  },
  "clip_param": {
    "grid_search": [
      0.1,
      0.2,
      0.3,
      0.4,
      0.5,
      0.8,
      1.0
    ]
  },
  "entropy_coeff": {
    "grid_search": [
      0.0,
      0.0001,
      0.00031623,
      0.001,
      0.00316228,
      0.01,
      0.03162278,
      0.1,
      0.2,
      0.3162
    ]
  },
  "vf_loss_coeff": {
    "grid_search": [
      0.1,
      0.25,
      0.4,
      0.5499999999999999,
      0.7,
      0.85,
      1.0,
      0.0,
      1.25,
      1.5
    ]
  },
  "vf_clip_param": {
    "grid_search": [
      1,
      5,
      10,
      25,
      50,
      75,
      100,
      500,
      1000
    ]
  },
  "kl_coeff": {
    "grid_search": [
      0.025,
      0.05,
      0.1,
      0.15,
      0.2,
      0.25,
      0.3
    ]
  },
  "test": {
    "grid_search": [
      1,
      2,
      3
    ]
  }
}
