{
  "lr": {
    "grid_search": [
      5e-08,
      1.6e-07,
      4.9e-07,
      1.55e-06,
      4.88e-06,
      1.536e-05,
      4.827e-05,
      0.0001,
      0.00015177,
      0.00047713,
      0.0015
    ]
  },
  "batch_size": {
    "grid_search": [
      128,
      256,
      512,
      1024,
      2048,
      4096,
      8192,
      16384
    ]
  },
  "accumulate_gradients_every": {
    "grid_search": [
      1,
      2,
      4,
      8,
      16,
      32,
      64,
      128
    ]
  },
  "minibatch_size": {
    "grid_search": [
      128,
      256,
      512,
      1024,
      2048,
      4096,
      8192,
      16384
    ]
  },
  "minibatch_scale": {
    "grid_search": [
      0.0625,
      0.125,
      0.25,
      0.5,
      1.0
    ]
  },
  "num_envs_per_env_runner": {
    "grid_search": [
      1,
      2,
      4,
      8,
      16,
      32
    ]
  },
  "test": {
    "grid_search": [
      1,
      2,
      3
    ]
  }
}
