{
  "lr": {
    "grid_search": [
      5e-08,
      1.6e-07,
      4.9e-07,
      1.55e-06,
      4.88e-06,
      1.536e-05,
      4.827e-05,
      0.0001,
      0.00015177,
      0.00047713,
      0.0015
    ]
  },
  "batch_size": {
    "grid_search": [
      128,
      256,
      512,
      1024,
      2048,
      4096,
      8192,
      16384
    ]
  },
  "accumulate_gradients_every": {
    "grid_search": [
      1,
      2,
      4,
      8,
      16,
      32,
      64,
      128
    ]
  },
  "minibatch_size": {
    "grid_search": [
      128,
      256,
      512,
      1024,
      2048,
      4096,
      8192,
      16384
    ]
  },
  "minibatch_scale": {
    "grid_search": [
      0.0625,
      0.125,
      0.25,
      0.5,
      1.0
    ]
  },
  "num_envs_per_env_runner": {
    "grid_search": [
      1,
      2,
      4,
      8,
      16,
      32
    ]
  },
  "clip_param": {
    "grid_search": [
      0.1,
      0.2,
      0.3,
      0.4,
      0.5,
      0.8,
      1.0
    ]
  },
  "entropy_coeff": {
    "grid_search": [
      0.0,
      0.0001,
      0.00021544,
      0.00046416,
      0.001,
      0.00215443,
      0.00464159,
      0.01,
      0.02154435,
      0.04641589,
      0.1,
      0.2
    ]
  },
  "vf_loss_coeff": {
    "grid_search": [
      0.1,
      0.25,
      0.4,
      0.5499999999999999,
      0.7,
      0.85,
      1.0
    ]
  },
  "vf_clip_param": {
    "grid_search": [
      5,
      10,
      20,
      25,
      50,
      75,
      100,
      500,
      1000
    ]
  },
  "test": {
    "grid_search": [
      1,
      2,
      3
    ]
  }
}
